importance_mean_0,importance_mean_1,importance_mean_2,importance_mean_3,importance_mean_4,importance_mean_5,importance_mean_6,importance_mean_7,importance_mean_8,importance_mean_9
0.05204513399153734,0.008392101551480912,0.03610719322990123,0.010437235543018297,0.05162200282087444,0.005148095909731976,0.01784203102961912,0.09118476727785611,0.006276445698166389,0.014950634696755949
