importance_mean_0,importance_mean_1,importance_mean_2,importance_mean_3,importance_mean_4,importance_mean_5,importance_mean_6,importance_mean_7,importance_mean_8,importance_mean_9
0.05232722143864597,0.00811001410437231,0.03575458392101549,0.011988716502115592,0.049435825105782746,0.00641748942172069,0.01678420310296187,0.09499294781382225,0.006558533145274992,0.012834978843441425
