importance_mean_0,importance_mean_1,importance_mean_2,importance_mean_3,importance_mean_4,importance_mean_5,importance_mean_6,importance_mean_7,importance_mean_8,importance_mean_9
0.03929493656674528,0.005972830358145243,0.042124171999550875,0.004603121140675848,0.04137195464241605,0.0006960817334680236,0.010025822386886696,0.04357247109015381,0.020826316380374976,0.0016952958347367098
