importance_mean_0,importance_mean_1,importance_mean_2,importance_mean_3,importance_mean_4,importance_mean_5,importance_mean_6,importance_mean_7,importance_mean_8,importance_mean_9
0.038913214325811143,0.006388233973279434,0.04347142696755359,0.004378578646008724,0.04155158863814976,0.0009655327270686076,0.011025036488155383,0.042786572358818865,0.020961041877175225,0.0012125294712023837
