importance_mean_0,importance_mean_1,importance_mean_2,importance_mean_3,importance_mean_4,importance_mean_5,importance_mean_6,importance_mean_7,importance_mean_8,importance_mean_9
0.028909846188391118,0.0037386325362074534,0.03050409790052764,0.004648029639609264,0.029706972044459358,-0.0002133153699337864,0.004052992028741387,0.0368923318738071,0.020904906253508427,-0.0049062535084765544
