importance_mean_0,importance_mean_1,importance_mean_2,importance_mean_3,importance_mean_4,importance_mean_5,importance_mean_6,importance_mean_7,importance_mean_8,importance_mean_9
0.03132011128062455,0.003787130934218763,0.039253342905860134,0.00533070088845009,0.036345687875796416,0.000592300098716625,0.00524095844925061,0.03824822758682576,0.011092165485057825,0.0006999910257559971
