importance_mean_0,importance_mean_1,importance_mean_2,importance_mean_3,importance_mean_4,importance_mean_5,importance_mean_6,importance_mean_7,importance_mean_8,importance_mean_9
0.030117562595351276,0.0049537826438122105,0.03941487929641922,0.005169164497890999,0.03593287265547873,0.0009692183433545054,0.006551198061563257,0.039037961051781346,0.01024858655658254,0.0013461365879924303
