importance_mean_0,importance_mean_1,importance_mean_2,importance_mean_3,importance_mean_4,importance_mean_5,importance_mean_6,importance_mean_7,importance_mean_8,importance_mean_9
0.02634838014897243,0.0017410033204702025,0.03643543031499592,0.002907655030063694,0.03404828143228931,5.3845463519675005e-05,0.006317867719644576,0.03600466660683834,0.008579377187471926,-0.002817912590864258
