importance_mean_0,importance_mean_1,importance_mean_2,importance_mean_3,importance_mean_4,importance_mean_5,importance_mean_6,importance_mean_7,importance_mean_8,importance_mean_9
0.036933248187521125,0.0021186281507080905,0.042725667705946456,0.0021336538822733565,0.04324405544494945,0.00159272754592239,0.01229104842041997,0.05340144998309606,0.010142368806581259,-0.004139589046241676
