importance_mean_0,importance_mean_1,importance_mean_2,importance_mean_3,importance_mean_4,importance_mean_5,importance_mean_6,importance_mean_7,importance_mean_8,importance_mean_9
0.03957026407723221,0.004763156906201838,0.04414559933886779,0.004237256301416137,0.04911911648698395,0.0030126591788437462,0.012223432628376085,0.060741519852747804,0.01139701739228427,0.001525111753878483
