importance_mean_0,importance_mean_1,importance_mean_2,importance_mean_3,importance_mean_4,importance_mean_5,importance_mean_6,importance_mean_7,importance_mean_8,importance_mean_9
0.03987829157432101,0.004770669771984504,0.04524999060891777,0.0035009954547161604,0.050681792569775716,0.003463431125802896,0.013350362495773992,0.059975207542917255,0.011314375868675074,0.0010893655384846212
