importance_mean_0,importance_mean_1,importance_mean_2,importance_mean_3,importance_mean_4,importance_mean_5,importance_mean_6,importance_mean_7,importance_mean_8,importance_mean_9
0.03516213937086341,0.0031354611197709882,0.04864053356502185,0.002142692867911955,0.04298673753609483,0.0057304576699971355,0.013984361025221626,0.07614034191091916,0.008201517900493149,0.00041013977972550466
