state,year,accuracy,selection_rate_1,selection_rate_2,selection_rate_3,selection_rate_4,selection_rate_5,selection_rate_6,selection_rate_7,selection_rate_8,selection_rate_9,true_pos_rate_1,true_pos_rate_2,true_pos_rate_3,true_pos_rate_4,true_pos_rate_5,true_pos_rate_6,true_pos_rate_7,true_pos_rate_8,true_pos_rate_9
WA,2018,0.7553825355497696,0.48328122008806074,0.3467465753424658,0.38394415357766143,0.2857142857142857,0.4307692307692308,0.46833965567551794,0.35555555555555557,0.28101644245142005,0.39073969508752115,0.7606904389828101,0.744927536231884,0.6707317073170732,0.5454545454545454,0.75,0.7531455961653685,0.75,0.6871794871794872,0.7362068965517241
KY,2018,0.7233936199218395,0.4529394000402657,0.3059006211180124,0.36363636363636365,1.0,0.7777777777777778,0.39308176100628933,0.26666666666666666,0.2832369942196532,0.3141025641025641,0.76347771891555,0.7584745762711864,0.75,0.0,0.0,0.7289719626168224,0.6666666666666666,0.75,0.7903225806451613
NY,2018,0.7494588481959988,0.4834724767528677,0.2908044990126213,0.3441295546558704,0.3333333333333333,0.27722772277227725,0.389823336506929,0.42105263157894735,0.3256964809384164,0.3832434674408959,0.7481158630709162,0.6110520722635494,0.5384615384615384,0.0,0.6666666666666666,0.7042912873862158,0.8333333333333334,0.7300771208226221,0.7134146341463414
