importance_mean_0,importance_mean_1,importance_mean_2,importance_mean_3,importance_mean_4,importance_mean_5,importance_mean_6,importance_mean_7,importance_mean_8,importance_mean_9
0.03550456136764364,0.002978304755577077,0.0477116500140546,0.0021797459944292276,0.04288068893261439,0.005437865739912584,0.013889811667901753,0.07555004727467862,0.008121023177369424,0.0004957452789205563
