importance_mean_0,importance_mean_1,importance_mean_2,importance_mean_3,importance_mean_4,importance_mean_5,importance_mean_6,importance_mean_7,importance_mean_8,importance_mean_9
0.03575115631308612,0.002994914777808977,0.04856898270002297,0.002059642756752589,0.04323333248153729,0.005592466716070809,0.014050801114149136,0.07487670252727877,0.008122300871387277,0.0005059668310632315
