importance_mean_0,importance_mean_1,importance_mean_2,importance_mean_3,importance_mean_4,importance_mean_5,importance_mean_6,importance_mean_7,importance_mean_8,importance_mean_9
0.030977691462448644,0.0007512840824879907,0.048963790151534556,0.001006822886055314,0.03772136048859025,0.004355658906805049,0.013506503462550844,0.07139115324662057,0.006345028492576654,-0.008628267702450575
