importance_mean_0,importance_mean_1,importance_mean_2,importance_mean_3,importance_mean_4,importance_mean_5,importance_mean_6,importance_mean_7,importance_mean_8,importance_mean_9
0.03226432933841004,0.0020391996524672163,0.04916822119438835,0.0018079370352388046,0.039030996856872724,0.0055656351416962565,0.014707535839317188,0.07213477116500142,0.00709503488104668,-0.007650831778805633
