state,year,accuracy,selection_rate_1,selection_rate_2,selection_rate_3,selection_rate_4,selection_rate_5,selection_rate_6,selection_rate_7,selection_rate_8,selection_rate_9,true_pos_rate_1,true_pos_rate_2,true_pos_rate_3,true_pos_rate_4,true_pos_rate_5,true_pos_rate_6,true_pos_rate_7,true_pos_rate_8,true_pos_rate_9
CA,2018,0.7717016328929548,0.45836260693474395,0.47820965842167257,0.448,0.4,0.4444444444444444,0.46109334551545605,0.415929203539823,0.4363078272308704,0.45460048426150124,0.7907106883044208,0.7971014492753623,0.5147058823529411,0.5,0.6363636363636364,0.7654164017800381,0.3225806451612903,0.6678121420389461,0.8389982110912343
WA,2018,0.7697276186661326,0.5019781762491226,0.401541095890411,0.41535776614310643,0.45714285714285713,0.3076923076923077,0.4657134519988328,0.39111111111111113,0.4200298953662182,0.45849802371541504,0.8136098877681489,0.7739130434782608,0.4024390243902439,0.45454545454545453,0.3,0.7759137207908927,0.3125,0.5846153846153846,0.8637931034482759
KY,2018,0.7461146959920022,0.46184819810750954,0.38354037267080743,0.5454545454545454,1.0,0.4444444444444444,0.4088050314465409,0.26666666666666666,0.45664739884393063,0.36217948717948717,0.8229978186350888,0.8432203389830508,0.25,0.0,0.0,0.794392523364486,0.3333333333333333,0.75,0.9193548387096774
NY,2018,0.7617573116160783,0.49822846670739157,0.35073409461663946,0.46963562753036436,1.0,0.46534653465346537,0.3832645720935153,0.5526315789473685,0.46939149560117305,0.454997926171713,0.7978449710947668,0.6660467587672688,0.5230769230769231,0.0,0.4666666666666667,0.7336801040312093,0.5,0.6975149957155099,0.8170731707317073
