state,year,accuracy,selection_rate_1,selection_rate_2,selection_rate_3,selection_rate_4,selection_rate_5,selection_rate_6,selection_rate_7,selection_rate_8,selection_rate_9,true_pos_rate_1,true_pos_rate_2,true_pos_rate_3,true_pos_rate_4,true_pos_rate_5,true_pos_rate_6,true_pos_rate_7,true_pos_rate_8,true_pos_rate_9
CA,2018,0.7692484603787085,0.4395999504070753,0.411660777385159,0.316,0.4,0.2777777777777778,0.45865692096847877,0.34513274336283184,0.29686472264854197,0.3946731234866828,0.7344711807498601,0.7616747181964574,0.6323529411764706,0.25,0.8181818181818182,0.729815638906548,0.7741935483870968,0.7044673539518901,0.7441860465116279
WA,2018,0.7573853394752653,0.4842384021440878,0.351027397260274,0.3647469458987784,0.37142857142857144,0.4,0.46833965567551794,0.35555555555555557,0.28550074738415543,0.3935629587803501,0.7642420798408864,0.7507246376811594,0.6646341463414634,0.5454545454545454,0.6,0.7543439185140803,0.75,0.6871794871794872,0.75
KY,2018,0.7272107607016268,0.45671431447553856,0.3082298136645963,0.3181818181818182,1.0,0.6666666666666666,0.39622641509433965,0.26666666666666666,0.28901734104046245,0.2948717948717949,0.7743845434714864,0.7754237288135594,0.75,0.0,0.0,0.7757009345794392,0.6666666666666666,0.75,0.7741935483870968
NY,2018,0.7495462090253443,0.4841105002375619,0.2902893448956813,0.3481781376518219,0.3333333333333333,0.24752475247524752,0.39363165132762085,0.42105263157894735,0.3229472140762463,0.3911240149315637,0.7486001392293956,0.6139744952178533,0.5692307692307692,0.0,0.7333333333333333,0.7074122236671001,0.8333333333333334,0.7317909168808912,0.7134146341463414
