state,year,accuracy,selection_rate_1,selection_rate_2,selection_rate_3,selection_rate_4,selection_rate_5,selection_rate_6,selection_rate_7,selection_rate_8,selection_rate_9,true_pos_rate_1,true_pos_rate_2,true_pos_rate_3,true_pos_rate_4,true_pos_rate_5,true_pos_rate_6,true_pos_rate_7,true_pos_rate_8,true_pos_rate_9
WA,2018,0.7998197476467054,0.4910982068789484,0.3261986301369863,0.32111692844677137,0.37142857142857144,0.26153846153846155,0.4937262912168077,0.24444444444444444,0.11808669656203288,0.334274421230943,0.8170194629919023,0.7159420289855073,0.676829268292683,0.7272727272727273,0.5,0.8220491312162972,0.625,0.4358974358974359,0.7482758620689656
KY,2018,0.7683359083886213,0.4502214616468693,0.2732919254658385,0.3181818181818182,1.0,0.1111111111111111,0.42452830188679247,0.13333333333333333,0.11560693641618497,0.2532051282051282,0.8279837955749455,0.7669491525423728,0.75,0.0,0.0,0.8317757009345794,0.6666666666666666,0.4166666666666667,0.7903225806451613
NY,2018,0.7884994321546093,0.48807439082332177,0.25774877650897227,0.29959514170040485,0.0,0.15841584158415842,0.4075954723368243,0.2894736842105263,0.15249266862170088,0.321858150145168,0.8004479554465934,0.5672157279489904,0.6,0.0,0.5333333333333333,0.7734720416124837,0.6666666666666666,0.4695801199657241,0.6951219512195121
