importance_mean_0,importance_mean_1,importance_mean_2,importance_mean_3,importance_mean_4,importance_mean_5,importance_mean_6,importance_mean_7,importance_mean_8,importance_mean_9
0.04585529468136076,0.0033221530107011123,0.03679124740456796,0.003090560613320514,0.05270723526593193,0.002842996326465408,0.013584091998083369,0.07719214183037848,0.009990416866315254,0.0004072831816003708
