importance_mean_0,importance_mean_1,importance_mean_2,importance_mean_3,importance_mean_4,importance_mean_5,importance_mean_6,importance_mean_7,importance_mean_8,importance_mean_9
0.04582335090241172,0.002827024436990877,0.035673215141351175,0.0029148698291007634,0.05310653250279507,0.0035297875738699693,0.012482031624341116,0.07571474205398496,0.010285896821593976,0.0006069318000319513
