importance_mean_0,importance_mean_1,importance_mean_2,importance_mean_3,importance_mean_4,importance_mean_5,importance_mean_6,importance_mean_7,importance_mean_8,importance_mean_9
0.03964222967577069,0.0019885002395783947,0.03434754831496571,0.004192620987062834,0.04364318798913915,0.0016610765053506338,0.011691423095352227,0.07109886599584736,0.009950487142629005,-0.002946813608049803
