importance_mean_0,importance_mean_1,importance_mean_2,importance_mean_3,importance_mean_4,importance_mean_5,importance_mean_6,importance_mean_7,importance_mean_8,importance_mean_9
0.04287338893100836,0.005117513267627017,0.03616376042456406,0.00236290118776854,0.03586050037907511,0.005066969926712206,0.0177154409906495,0.10863027546120803,0.008491281273692208,0.0008213292898661129
