importance_mean_0,importance_mean_1,importance_mean_2,importance_mean_3,importance_mean_4,importance_mean_5,importance_mean_6,importance_mean_7,importance_mean_8,importance_mean_9
0.043050290624210286,0.005850391710892122,0.03702299722011628,0.004991154915339968,0.03963861511245899,0.004852160727824151,0.021177659843315676,0.09857215061915596,0.012496841041192863,-0.004915339903967619
