importance_mean_0,importance_mean_1,importance_mean_2,importance_mean_3,importance_mean_4,importance_mean_5,importance_mean_6,importance_mean_7,importance_mean_8,importance_mean_9
0.04407379327773573,0.00603992923932275,0.037755875663381414,0.001541571897902494,0.03706090472580239,0.0060020217336366425,0.01774071266110695,0.10921152388172864,0.00955269143290376,0.0006949709375789981
