importance_mean_0,importance_mean_1,importance_mean_2,importance_mean_3,importance_mean_4,importance_mean_5,importance_mean_6,importance_mean_7,importance_mean_8,importance_mean_9
0.051140583554376694,0.011405835543766618,0.05267904509283825,0.006949602122015941,0.05156498673740058,0.003978779840848823,0.010397877984084914,0.07496021220159155,0.01904509283819633,-0.0047214854111405245
