importance_mean_0,importance_mean_1,importance_mean_2,importance_mean_3,importance_mean_4,importance_mean_5,importance_mean_6,importance_mean_7,importance_mean_8,importance_mean_9
0.058726790450928434,0.016286472148541155,0.053262599469496075,0.00885941644562338,0.06366047745358092,0.0057294429708223404,0.012307692307692308,0.07697612732095496,0.01740053050397885,0.002281167108753346
