importance_mean_0,importance_mean_1,importance_mean_2,importance_mean_3,importance_mean_4,importance_mean_5,importance_mean_6,importance_mean_7,importance_mean_8,importance_mean_9
0.02410411928228453,0.0028102097548647897,0.02991407632044476,0.0017715440990649478,0.04139246904220366,0.0033282789992418404,0.00933788223401566,0.04207227697750819,0.008438210765731613,-0.0018549406115744294
