importance_mean_0,importance_mean_1,importance_mean_2,importance_mean_3,importance_mean_4,importance_mean_5,importance_mean_6,importance_mean_7,importance_mean_8,importance_mean_9
0.029289866060146587,0.0032979529946929763,0.033265099823098374,0.0016780389183725264,0.05068738943644176,0.004033358605003823,0.010702552438716229,0.051715946424058676,0.010416982562547417,0.001928228455900971
