importance_mean_0,importance_mean_1,importance_mean_2,importance_mean_3,importance_mean_4,importance_mean_5,importance_mean_6,importance_mean_7,importance_mean_8,importance_mean_9
0.037287636256505975,0.007050967298438593,0.055464990670725724,0.0021555533732692035,0.03928115486595309,0.0028478837277816195,0.012977511538839259,0.05819994107826772,0.01229991161740156,0.0019051360109987535
