importance_mean_0,importance_mean_1,importance_mean_2,importance_mean_3,importance_mean_4,importance_mean_5,importance_mean_6,importance_mean_7,importance_mean_8,importance_mean_9
0.03208779338112546,0.005499361681233483,0.05078071295296087,0.00047628400274972725,0.0362565059412747,0.001256996955710532,0.010404595895119351,0.0496513797505647,0.009142688795050624,-0.006176961602671072
