importance_mean_0,importance_mean_1,importance_mean_2,importance_mean_3,importance_mean_4,importance_mean_5,importance_mean_6,importance_mean_7,importance_mean_8,importance_mean_9
0.03588824511440636,0.006947854266915465,0.056697436904645016,0.0015663360502798929,0.04080820976136701,0.0026858489639595582,0.011784346459785922,0.057964254149071984,0.012349013060984015,0.0019395070215064481
