importance_mean_0,importance_mean_1,importance_mean_2,importance_mean_3,importance_mean_4,importance_mean_5,importance_mean_6,importance_mean_7,importance_mean_8,importance_mean_9
0.05423673997412681,0.005950840879689534,0.025646830530401066,-0.001293661060802065,0.04783311772315655,0.005724450194049191,0.02341526520051749,0.0540426908150065,0.013065976714100924,0.0009055627425614609
