importance_mean_0,importance_mean_1,importance_mean_2,importance_mean_3,importance_mean_4,importance_mean_5,importance_mean_6,importance_mean_7,importance_mean_8,importance_mean_9
0.053557567917205715,0.007406209573091882,0.028040103492884882,-0.0009055627425614609,0.0464747736093144,0.0070181112548512335,0.02493531694695992,0.055401034928848646,0.013098318240620998,0.001067270375161722
