importance_mean_0,importance_mean_1,importance_mean_2,importance_mean_3,importance_mean_4,importance_mean_5,importance_mean_6,importance_mean_7,importance_mean_8,importance_mean_9
0.045084087968952094,0.005368693402328572,0.024870633893919792,0.0028460543337645696,0.042238033635187563,0.005627425614489012,0.0170116429495472,0.054721862871927526,0.015556274256144897,-0.001843467011642974
