importance_mean_0,importance_mean_1,importance_mean_2,importance_mean_3,importance_mean_4,importance_mean_5,importance_mean_6,importance_mean_7,importance_mean_8,importance_mean_9
0.037672583826429996,0.007213299520991856,0.03571428571428572,0.0073541842772612,0.04268808114961962,0.0024795717103409443,0.009256128486897719,0.05769230769230771,0.02171034094111015,0.0005635390250774864
