importance_mean_0,importance_mean_1,importance_mean_2,importance_mean_3,importance_mean_4,importance_mean_5,importance_mean_6,importance_mean_7,importance_mean_8,importance_mean_9
0.038489715412792336,0.0066920259227951865,0.0346435615666385,0.006945618484080063,0.04053254437869824,0.0018174133558749306,0.009101155255001459,0.05367709213863061,0.02147083685545228,-0.001169343477035767
