importance_mean_0,importance_mean_1,importance_mean_2,importance_mean_3,importance_mean_4,importance_mean_5,importance_mean_6,importance_mean_7,importance_mean_8,importance_mean_9
0.04041137326073807,0.003962492437991516,0.0368421052631579,0.004204476709013893,0.047065940713853595,0.004446460980036315,0.009558378705384141,0.05220810647307923,0.01869328493647917,-0.0002722323049001663
