importance_mean_0,importance_mean_1,importance_mean_2,importance_mean_3,importance_mean_4,importance_mean_5,importance_mean_6,importance_mean_7,importance_mean_8,importance_mean_9
0.03832425892317,0.003750756200846972,0.0328796128251664,0.0024500907441016295,0.048306110102843317,0.004627949183303115,0.009316394434361785,0.05505142165759227,0.018632788868723528,-0.0004234724742891549
