importance_mean_0,importance_mean_1,importance_mean_2,importance_mean_3,importance_mean_4,importance_mean_5,importance_mean_6,importance_mean_7,importance_mean_8,importance_mean_9
0.040925589836660656,0.005989110707804057,0.03511796733212347,0.006745311554748956,0.04682395644283126,0.007743496672716299,0.01010284331518454,0.051966122202056916,0.02268602540834852,0.001966122202056919
