importance_mean_0,importance_mean_1,importance_mean_2,importance_mean_3,importance_mean_4,importance_mean_5,importance_mean_6,importance_mean_7,importance_mean_8,importance_mean_9
0.04269566514959342,0.004204282623293332,0.048530179810490216,0.0030664776542565384,0.04529209878385439,0.0019510557337909739,0.012139073341789186,0.07230843840931138,0.019973140341714556,0.0005558457061852317
