importance_mean_0,importance_mean_1,importance_mean_2,importance_mean_3,importance_mean_4,importance_mean_5,importance_mean_6,importance_mean_7,importance_mean_8,importance_mean_9
0.029411325822576995,0.0019734387823621136,0.04246810415578599,0.0021636946952174442,0.0337536372453928,-7.087965380887517e-05,0.010702827725136154,0.059229277027531134,0.015425650973662575,-0.00395060807281955
