importance_mean_0,importance_mean_1,importance_mean_2,importance_mean_3,importance_mean_4,importance_mean_5,importance_mean_6,importance_mean_7,importance_mean_8,importance_mean_9
0.042688204133403,0.0038648063866299153,0.049567261060956526,0.003114974259494185,0.04501977169290461,0.002036857419980609,0.013030664776542578,0.07344624337834818,0.020305155562187573,0.00048123554428112223
