importance_mean_0,importance_mean_1,importance_mean_2,importance_mean_3,importance_mean_4,importance_mean_5,importance_mean_6,importance_mean_7,importance_mean_8,importance_mean_9
0.03747724595781134,0.0025912838633686654,0.038026912231859236,0.0049969661277081915,0.039033443980440466,0.0010993325480958438,0.008594781739658108,0.058150408680444035,0.02017346610986188,0.000749544919156242
