importance_mean_0,importance_mean_1,importance_mean_2,importance_mean_3,importance_mean_4,importance_mean_5,importance_mean_6,importance_mean_7,importance_mean_8,importance_mean_9
0.03879787272013424,0.002527037156012435,0.03862654816718425,0.006902951779276889,0.03887639647356964,0.0011493022093728821,0.00962986758039761,0.05756504979119821,0.018510190241639024,0.0006995752578791592
