importance_mean_0,importance_mean_1,importance_mean_2,importance_mean_3,importance_mean_4,importance_mean_5,importance_mean_6,importance_mean_7,importance_mean_8,importance_mean_9
0.03437912695863223,0.003162365706535297,0.03547132098368844,0.0051968447728165,0.03391512296105934,0.0008566227647499591,0.005739372523824793,0.05561623300139198,0.01947389085198272,-0.0009065924260270863
