importance_mean_0,importance_mean_1,importance_mean_2,importance_mean_3,importance_mean_4,importance_mean_5,importance_mean_6,importance_mean_7,importance_mean_8,importance_mean_9
0.04006326611308817,0.00849347568208778,0.043353103993673356,0.005172004744958469,0.04031633056544084,0.0027520759193356615,0.0075128509292210046,0.0480822459470146,0.021874258600237194,0.00012653222617633463
