importance_mean_0,importance_mean_1,importance_mean_2,importance_mean_3,importance_mean_4,importance_mean_5,importance_mean_6,importance_mean_7,importance_mean_8,importance_mean_9
0.04294187425860023,0.00770264926848554,0.04313167259786475,0.0052194543297745975,0.04191379992091735,0.002989323843416325,0.007924080664294175,0.04841439304072752,0.02190589165678134,0.0001739818109924629
