importance_mean_0,importance_mean_1,importance_mean_2,importance_mean_3,importance_mean_4,importance_mean_5,importance_mean_6,importance_mean_7,importance_mean_8,importance_mean_9
0.0422176778004999,0.0053396955237446034,0.0528629856850716,0.0031356509884117533,0.03576459895478301,0.00018177686889344624,0.007861849579641023,0.04892069984094527,0.014598954783003859,0.001192910702113159
