importance_mean_0,importance_mean_1,importance_mean_2,importance_mean_3,importance_mean_4,importance_mean_5,importance_mean_6,importance_mean_7,importance_mean_8,importance_mean_9
0.042081345148829816,0.004919336514428574,0.0546807543740059,0.0032492615314701377,0.03565098841172465,0.0002613042490342998,0.00879345603271986,0.048807089297886866,0.014462622131333803,0.0014428538968416448
