importance_mean_0,importance_mean_1,importance_mean_2,importance_mean_3,importance_mean_4,importance_mean_5,importance_mean_6,importance_mean_7,importance_mean_8,importance_mean_9
0.03847989093387867,0.005192001817768688,0.04806862076800729,0.0030106793910475104,0.027402862985685082,-0.0004317200636218876,0.008066348557146098,0.045092024539877304,0.017087025675982748,-0.002476709838673008
