importance_mean_0,importance_mean_1,importance_mean_2,importance_mean_3,importance_mean_4,importance_mean_5,importance_mean_6,importance_mean_7,importance_mean_8,importance_mean_9
0.033520837113651544,0.004451702655295509,0.03802092784128717,0.007681606484001691,0.042363757333817254,0.001318574971269615,0.011709913506320713,0.05248896147099742,0.03044819452005083,0.00436702352870022
