importance_mean_0,importance_mean_1,importance_mean_2,importance_mean_3,importance_mean_4,importance_mean_5,importance_mean_6,importance_mean_7,importance_mean_8,importance_mean_9
0.024617431803060596,0.001354866025524748,0.032601463739188374,0.006907397326559051,0.03803302485937219,0.0025161797616888083,0.011855077723341245,0.039750801427448156,0.025234379725397726,-0.009350994979737414
