importance_mean_0,importance_mean_1,importance_mean_2,importance_mean_3,importance_mean_4,importance_mean_5,importance_mean_6,importance_mean_7,importance_mean_8,importance_mean_9
0.04804462310305067,0.0019320058583403021,0.03299990651584552,0.0007104795737122415,0.05057492754978028,0.0021439032750615095,0.01845377208563146,0.0914711289769717,0.010277024710978133,-0.005048144339534466
