importance_mean_0,importance_mean_1,importance_mean_2,importance_mean_3,importance_mean_4,importance_mean_5,importance_mean_6,importance_mean_7,importance_mean_8,importance_mean_9
0.05359758187653858,0.0032594808513289886,0.031379514505624595,0.00208158050543763,0.05431429372721319,0.0039512635941540974,0.01909569661275745,0.09962294724377548,0.012190333738431303,0.0005422080957277142
