importance_mean_0,importance_mean_1,importance_mean_2,importance_mean_3,importance_mean_4,importance_mean_5,importance_mean_6,importance_mean_7,importance_mean_8,importance_mean_9
0.045458328604395984,0.008300230772140815,0.0351227632126508,0.003238376272084076,0.04127416486967046,0.004358188627851489,0.01784133469526723,0.06712821094843564,0.010804675973215239,-0.0044489842242651624
