importance_mean_0,importance_mean_1,importance_mean_2,importance_mean_3,importance_mean_4,importance_mean_5,importance_mean_6,importance_mean_7,importance_mean_8,importance_mean_9
0.05576362879733672,0.009344380130897001,0.03669655355048618,0.001369500245904809,0.047296939431770935,0.0021639617145235547,0.01588922937237549,0.07717625695153787,0.01009344380130901,0.0022471910112359826
