importance_mean_0,importance_mean_1,importance_mean_2,importance_mean_3,importance_mean_4,importance_mean_5,importance_mean_6,importance_mean_7,importance_mean_8,importance_mean_9
0.03306552401356901,0.008784145688269952,0.050883770755222324,0.0034636672022853032,0.04567041599714341,0.0005356186395286677,0.01314051062310304,0.07141581860382076,0.01617568291376541,0.00046420282092485277
