importance_mean_0,importance_mean_1,importance_mean_2,importance_mean_3,importance_mean_4,importance_mean_5,importance_mean_6,importance_mean_7,importance_mean_8,importance_mean_9
0.032137118371719356,0.008926977325477602,0.05102660239242993,0.003963577932512075,0.04756293519014463,0.0012854847348688025,0.014104624174254598,0.06780931976432783,0.015175861453311911,0.00053561863952869
