importance_mean_0,importance_mean_1,importance_mean_2,importance_mean_3,importance_mean_4,importance_mean_5,importance_mean_6,importance_mean_7,importance_mean_8,importance_mean_9
0.032244242099625044,0.011962149616139927,0.049491162292447786,0.009676843420817715,0.04399214425995357,0.0044634886627387795,0.012926263167291552,0.0653811819317979,0.017354043920728413,-0.0011069451883592763
