importance_mean_0,importance_mean_1,importance_mean_2,importance_mean_3,importance_mean_4,importance_mean_5,importance_mean_6,importance_mean_7,importance_mean_8,importance_mean_9
0.03625956106584012,0.0023496475528670623,0.045258211268309756,0.0035594660800879916,0.04240863870419438,0.0001699745038244549,0.010883367494875774,0.06630505424186373,0.016622506624006394,0.00021996700494926192
