importance_mean_0,importance_mean_1,importance_mean_2,importance_mean_3,importance_mean_4,importance_mean_5,importance_mean_6,importance_mean_7,importance_mean_8,importance_mean_9
0.03543968404739291,0.0022746588011798075,0.04533320001999701,0.003344498325251255,0.04279358096285557,0.00025496175573664904,0.010273458981152839,0.0665800129980503,0.01715742638604212,0.0003199520071989426
