importance_mean_0,importance_mean_1,importance_mean_2,importance_mean_3,importance_mean_4,importance_mean_5,importance_mean_6,importance_mean_7,importance_mean_8,importance_mean_9
0.03359496075588662,0.0021296805479178228,0.04410338449232616,0.002994550817377406,0.040648902664600306,0.0006599010148478079,0.010748387741838705,0.06342048692696096,0.016282557616357572,-0.0026346048092785956
