importance_mean_0,importance_mean_1,importance_mean_2,importance_mean_3,importance_mean_4,importance_mean_5,importance_mean_6,importance_mean_7,importance_mean_8,importance_mean_9
0.029819471308833067,0.006229851708575174,0.04060283687943267,0.00431173436492589,0.048339780786589334,0.0009187620889748782,0.013410702772404947,0.07032559638942623,0.023476789168278576,0.00016118633139912132
