importance_mean_0,importance_mean_1,importance_mean_2,importance_mean_3,importance_mean_4,importance_mean_5,importance_mean_6,importance_mean_7,importance_mean_8,importance_mean_9
0.0264587362991618,0.005423920051579589,0.03866054158607348,0.003441328175370728,0.04696163765312698,0.0005883301096066829,0.010573823339780741,0.06255641521598965,0.01812540296582845,-0.0032559638942618154
