importance_mean_0,importance_mean_1,importance_mean_2,importance_mean_3,importance_mean_4,importance_mean_5,importance_mean_6,importance_mean_7,importance_mean_8,importance_mean_9
0.02931173436492591,0.00668923275306259,0.039869439071566745,0.004271437782076126,0.04872662798194718,0.0013781431334623172,0.0120245003223727,0.07015635074145717,0.02485493230174087,0.00035460992907805356
