importance_mean_0,importance_mean_1,importance_mean_2,importance_mean_3,importance_mean_4,importance_mean_5,importance_mean_6,importance_mean_7,importance_mean_8,importance_mean_9
0.03780348189964864,0.006687458055347184,0.057123682444435664,0.0035134815048754485,0.04149855907780979,0.0008369191899253892,0.006924321977024172,0.04962299159133079,0.015443527693340186,3.158185622360587e-05
