importance_mean_0,importance_mean_1,importance_mean_2,importance_mean_3,importance_mean_4,importance_mean_5,importance_mean_6,importance_mean_7,importance_mean_8,importance_mean_9
0.03514271051281035,0.005218901740949788,0.05182582606292681,0.004184595949626879,0.036792862500493406,0.002518653033832008,0.006647980735067649,0.04483044490939951,0.015009277170265633,0.0018317476609686968
