importance_mean_0,importance_mean_1,importance_mean_2,importance_mean_3,importance_mean_4,importance_mean_5,importance_mean_6,importance_mean_7,importance_mean_8,importance_mean_9
0.03810350953377284,0.006403221349334798,0.05803166081086417,0.00415301409340334,0.04173542299948676,0.0008211282618135751,0.007405945284434079,0.049520350558604084,0.013493348071532862,0.00011843196083849428
