importance_mean_0,importance_mean_1,importance_mean_2,importance_mean_3,importance_mean_4,importance_mean_5,importance_mean_6,importance_mean_7,importance_mean_8,importance_mean_9
0.04316178561273811,0.006331153445171056,0.04994787223959814,0.004056487536726339,0.03882096483745614,0.0014406217420149582,0.004833665055444958,0.03194010046441091,0.021742014974883882,0.0075063974978675
