importance_mean_0,importance_mean_1,importance_mean_2,importance_mean_3,importance_mean_4,importance_mean_5,importance_mean_6,importance_mean_7,importance_mean_8,importance_mean_9
0.0362619656904559,0.003847976495118988,0.037437209743152344,0.0018576438252298378,0.028888257037247712,0.0005307553786371378,0.0020661548668372996,0.024016680883328624,0.01647237228698708,-0.007259975357785953
