importance_mean_0,importance_mean_1,importance_mean_2,importance_mean_3,importance_mean_4,importance_mean_5,importance_mean_6,importance_mean_7,importance_mean_8,importance_mean_9
0.04613780684295325,0.006558620036015528,0.04956876125485732,0.003791109847407781,0.03883992038669317,0.0015922661359112577,0.004454554070704164,0.03377878874040374,0.021268126243957863,0.006331153445171078
