importance_mean_0,importance_mean_1,importance_mean_2,importance_mean_3,importance_mean_4,importance_mean_5,importance_mean_6,importance_mean_7,importance_mean_8,importance_mean_9
0.037391304347826046,0.01167048054919908,0.04054919908466818,0.009565217391304337,0.05144164759725398,0.006727688787185349,0.011533180778032026,0.0774828375286041,0.019633867276887852,0.0009610983981693133
