importance_mean_0,importance_mean_1,importance_mean_2,importance_mean_3,importance_mean_4,importance_mean_5,importance_mean_6,importance_mean_7,importance_mean_8,importance_mean_9
0.03661327231121283,0.010709382151029767,0.040732265446224214,0.008970251716247124,0.04897025171624714,0.009702517162471391,0.012311212814645289,0.07739130434782608,0.021281464530892434,0.0012356979405033996
