importance_mean_0,importance_mean_1,importance_mean_2,importance_mean_3,importance_mean_4,importance_mean_5,importance_mean_6,importance_mean_7,importance_mean_8,importance_mean_9
0.03379828583775479,0.004431853647996564,0.047785273569730904,0.00371641898542725,0.045254843588697136,0.0013780520010563846,0.008854104146159992,0.04937459486711646,0.013943773557726979,0.0022999543850383162
