importance_mean_0,importance_mean_1,importance_mean_2,importance_mean_3,importance_mean_4,importance_mean_5,importance_mean_6,importance_mean_7,importance_mean_8,importance_mean_9
0.02851655342952488,0.003221856769020226,0.043094134876239434,0.004090941828919892,0.040482078121623896,0.0016469401963844054,0.007408830096271579,0.04078457734136796,0.009934458502388787,-0.007687321441432804
