importance_mean_0,importance_mean_1,importance_mean_2,importance_mean_3,importance_mean_4,importance_mean_5,importance_mean_6,importance_mean_7,importance_mean_8,importance_mean_9
0.03349578661801074,0.004854392240654981,0.048034955465392694,0.0033370945670180064,0.045149208940532516,0.0011043622308117395,0.007994622236093462,0.04835666098480305,0.01353563968981828,0.0032218567690202706
