importance_mean_0,importance_mean_1,importance_mean_2,importance_mean_3,importance_mean_4,importance_mean_5,importance_mean_6,importance_mean_7,importance_mean_8,importance_mean_9
0.052918069584736306,0.004769921436588121,0.037710437710437784,0.00634118967452304,0.04130190796857469,0.0029180695847362825,0.018013468013468082,0.05785634118967455,0.05538720538720543,5.6116722783428055e-05
