importance_mean_0,importance_mean_1,importance_mean_2,importance_mean_3,importance_mean_4,importance_mean_5,importance_mean_6,importance_mean_7,importance_mean_8,importance_mean_9
0.041189674523007855,0.004208754208754217,0.028563411896745227,0.0010662177328844224,0.03552188552188553,0.00224466891133559,0.010942760942760966,0.04113355780022447,0.05050505050505052,0.003479236812570141
