importance_mean_0,importance_mean_1,importance_mean_2,importance_mean_3,importance_mean_4,importance_mean_5,importance_mean_6,importance_mean_7,importance_mean_8,importance_mean_9
0.05297418630751969,0.003815937149270532,0.03333333333333337,0.004769921436588121,0.03995510662177333,0.002188552188552251,0.015712682379349086,0.0592592592592593,0.05751964085297425,0.0012906846240179793
