importance_mean_0,importance_mean_1,importance_mean_2,importance_mean_3,importance_mean_4,importance_mean_5,importance_mean_6,importance_mean_7,importance_mean_8,importance_mean_9
0.04028743625405658,0.00959666203059808,0.0435790449698656,0.00454334724153922,0.04184051923968479,0.0010431154381085107,0.009990727862772419,0.04501622624014841,0.01803430690774226,0.0003245248029671188
