importance_mean_0,importance_mean_1,importance_mean_2,importance_mean_3,importance_mean_4,importance_mean_5,importance_mean_6,importance_mean_7,importance_mean_8,importance_mean_9
0.03961520630505333,0.008391284191006054,0.042976356050069595,0.004705609643022757,0.04070468242929999,0.0013212795549374379,0.009388038942976396,0.04485396383866484,0.018057487250811334,0.00039406583217436173
