importance_mean_0,importance_mean_1,importance_mean_2,importance_mean_3,importance_mean_4,importance_mean_5,importance_mean_6,importance_mean_7,importance_mean_8,importance_mean_9
0.03045897079276767,0.004844691701437131,0.03741307371349092,0.0031988873435326417,0.038178025034770455,-0.0016226240148355052,0.0032452480296707885,0.039777468706536825,0.012888270746407016,-0.003523412146499827
