importance_mean_0,importance_mean_1,importance_mean_2,importance_mean_3,importance_mean_4,importance_mean_5,importance_mean_6,importance_mean_7,importance_mean_8,importance_mean_9
0.04522912743251719,0.00502197112366598,0.04139987445072184,0.002981795354676664,0.05069052102950404,0.0028248587570621096,0.01729441305712487,0.0804456999372253,0.026459510357815373,0.000188323917137434
