importance_mean_0,importance_mean_1,importance_mean_2,importance_mean_3,importance_mean_4,importance_mean_5,importance_mean_6,importance_mean_7,importance_mean_8,importance_mean_9
0.05445699937225364,0.006528562460765897,0.03917137476459511,0.0024482109227872196,0.060640301318267434,0.0033898305084745896,0.017200251098556184,0.08788449466415568,0.029347143753923444,0.0016949152542372835
