importance_mean_0,importance_mean_1,importance_mean_2,importance_mean_3,importance_mean_4,importance_mean_5,importance_mean_6,importance_mean_7,importance_mean_8,importance_mean_9
0.03402051067392218,0.004285265801590632,0.029499790707409,0.0012557555462537006,0.04626412724989539,0.0044317706153202295,0.022090832984512355,0.09217245709501884,0.014488279614901645,0.0017632900795312434
