importance_mean_0,importance_mean_1,importance_mean_2,importance_mean_3,importance_mean_4,importance_mean_5,importance_mean_6,importance_mean_7,importance_mean_8,importance_mean_9
0.033392632900795326,0.004724780242779447,0.02909167015487655,0.0007429886982000866,0.04410318124738388,0.004117831728756816,0.021253662620343273,0.09150272080368357,0.014383633319380529,0.001459815822519883
