importance_mean_0,importance_mean_1,importance_mean_2,importance_mean_3,importance_mean_4,importance_mean_5,importance_mean_6,importance_mean_7,importance_mean_8,importance_mean_9
0.0347876004592423,0.007634902411021849,0.046526980482204425,0.005740528128587874,0.0413892078071183,0.0037313432835821337,0.010275545350172277,0.03622273249138923,0.009127439724454688,-0.00255453501722156
