importance_mean_0,importance_mean_1,importance_mean_2,importance_mean_3,importance_mean_4,importance_mean_5,importance_mean_6,importance_mean_7,importance_mean_8,importance_mean_9
0.03823191733639493,0.007778415614236489,0.05929965556831225,0.008955223880596996,0.04959816303099882,0.0022675086107921683,0.010964408725602736,0.03989667049368537,0.011079219288174458,0.006745120551090689
