importance_mean_0,importance_mean_1,importance_mean_2,importance_mean_3,importance_mean_4,importance_mean_5,importance_mean_6,importance_mean_7,importance_mean_8,importance_mean_9
0.03734213547646381,0.007548794489093002,0.05703214695752008,0.007835820895522394,0.04954075774971296,0.002382319173363956,0.010935706084959796,0.04032721010332949,0.010505166475315719,0.007405281285878318
