importance_mean_0,importance_mean_1,importance_mean_2,importance_mean_3,importance_mean_4,importance_mean_5,importance_mean_6,importance_mean_7,importance_mean_8,importance_mean_9
0.037062051498522555,-0.0010468552131701614,0.022321654706627236,0.008290417897847147,0.05018151118615444,0.00565639510341911,0.008476150274377337,0.05268045588856054,0.013845504432249833,-0.006669480793583848
