importance_mean_0,importance_mean_1,importance_mean_2,importance_mean_3,importance_mean_4,importance_mean_5,importance_mean_6,importance_mean_7,importance_mean_8,importance_mean_9
0.037619248628113146,0.002667792317433526,0.017425073870831566,0.004018573237653001,0.054605318699873354,0.004997889404812161,0.01163360067539041,0.05406500633178557,0.015365132967496819,0.005707049387927365
