importance_mean_0,importance_mean_1,importance_mean_2,importance_mean_3,importance_mean_4,importance_mean_5,importance_mean_6,importance_mean_7,importance_mean_8,importance_mean_9
0.038092021950189944,0.003157450401013051,0.01948501477416631,0.0046264246517517815,0.05430139299282397,0.004491346559729825,0.011903756859434345,0.051853102574926105,0.01521317011397214,0.00469396369776276
