importance_mean_0,importance_mean_1,importance_mean_2,importance_mean_3,importance_mean_4,importance_mean_5,importance_mean_6,importance_mean_7,importance_mean_8,importance_mean_9
0.03507814016695787,0.005003882741215304,0.05237575228111049,0.001363812851873436,0.03813579887400505,-0.00024267132595612306,0.011781692875169858,0.06995486313337218,0.009828188701223062,-0.002356338575033967
