importance_mean_0,importance_mean_1,importance_mean_2,importance_mean_3,importance_mean_4,importance_mean_5,importance_mean_6,importance_mean_7,importance_mean_8,importance_mean_9
0.041409435061153174,0.007027761599689364,0.05325179576781205,0.0016016307513104123,0.04426082314113762,0.0015045622209279852,0.01439283634245776,0.07579110852261697,0.012031644340904668,0.0005581440496990719
