importance_mean_0,importance_mean_1,importance_mean_2,importance_mean_3,importance_mean_4,importance_mean_5,importance_mean_6,importance_mean_7,importance_mean_8,importance_mean_9
0.04114735002912055,0.006785090273733241,0.05279314696175501,0.0014366142496602618,0.044532615026208464,0.0013419724325373528,0.014244806833624524,0.0761745292176276,0.011893321685109658,0.0004173946806445228
