importance_mean_0,importance_mean_1,importance_mean_2,importance_mean_3,importance_mean_4,importance_mean_5,importance_mean_6,importance_mean_7,importance_mean_8,importance_mean_9
0.039208980445803454,0.002301440412006084,0.047907781443630795,0.004281001046109223,0.036135028566830284,-0.0006316890641345774,0.010972076929266916,0.06624688178965152,0.01670958397038704,-0.00288887100667905
