importance_mean_0,importance_mean_1,importance_mean_2,importance_mean_3,importance_mean_4,importance_mean_5,importance_mean_6,importance_mean_7,importance_mean_8,importance_mean_9
0.04128912851050128,0.0028204715538745926,0.047666371610203574,0.004188460609962164,0.03873018427617281,0.0002212923473082551,0.011583648507282485,0.06977548885491267,0.0187736380461897,0.0019876076285507025
