importance_mean_0,importance_mean_1,importance_mean_2,importance_mean_3,importance_mean_4,importance_mean_5,importance_mean_6,importance_mean_7,importance_mean_8,importance_mean_9
0.041091977146535744,0.002969340951154731,0.04707491751830688,0.004606904321235961,0.03953086022370642,0.00018910436951795616,0.011036452884847493,0.07004103967168258,0.018395429307153766,0.0023135109036774406
