importance_mean_0,importance_mean_1,importance_mean_2,importance_mean_3,importance_mean_4,importance_mean_5,importance_mean_6,importance_mean_7,importance_mean_8,importance_mean_9
0.026791320728389034,0.008204841973069144,0.03387985767110864,0.009879299518593454,0.04028465778273915,0.004841973069141114,0.011274680806530402,0.04094048698806947,0.02497732505407102,0.002888439266029441
