importance_mean_0,importance_mean_1,importance_mean_2,importance_mean_3,importance_mean_4,importance_mean_5,importance_mean_6,importance_mean_7,importance_mean_8,importance_mean_9
0.03407521105141975,0.005316402707039636,0.03513570083025182,0.007828089025326146,0.045308030419312015,0.001618642294006789,0.009307193190539275,0.04515453847763899,0.025954091955626833,0.001451196539454358
