importance_mean_0,importance_mean_1,importance_mean_2,importance_mean_3,importance_mean_4,importance_mean_5,importance_mean_6,importance_mean_7,importance_mean_8,importance_mean_9
0.03512174701737247,0.005539663713109544,0.03665666643410308,0.008190888160189735,0.04480569315565475,0.0014232889136956083,0.010283960092095135,0.0439266029442545,0.026777366915509627,0.0009907207144351782
