importance_mean_0,importance_mean_1,importance_mean_2,importance_mean_3,importance_mean_4,importance_mean_5,importance_mean_6,importance_mean_7,importance_mean_8,importance_mean_9
0.03992015968063874,0.003992015968063911,0.03247219846022242,0.005645851154833226,0.06170516110635873,0.0023838038209296197,0.014975762760193922,0.07830054177359569,0.01133732534930143,0.0013230681494154739
