importance_mean_0,importance_mean_1,importance_mean_2,importance_mean_3,importance_mean_4,importance_mean_5,importance_mean_6,importance_mean_7,importance_mean_8,importance_mean_9
0.037764471057884205,0.00528086683775304,0.03483319076133444,0.007847162817222687,0.056424294268605645,0.0029997148560022557,0.01538637011690902,0.07403478756772167,0.011679498146563994,0.0003079555175363513
