importance_mean_0,importance_mean_1,importance_mean_2,importance_mean_3,importance_mean_4,importance_mean_5,importance_mean_6,importance_mean_7,importance_mean_8,importance_mean_9
0.039076133447390936,0.004448246364414032,0.03272312517821503,0.004482463644140311,0.061043627031651025,0.0022811519817508286,0.012648987738808137,0.07544910179640722,0.011086398631308825,0.000935272312517843
