importance_mean_0,importance_mean_1,importance_mean_2,importance_mean_3,importance_mean_4,importance_mean_5,importance_mean_6,importance_mean_7,importance_mean_8,importance_mean_9
0.030069904476082442,0.0037221388573729143,0.04385316400102479,0.004732276836364946,0.03849138088789665,-1.4639680854955372e-05,0.011525088753065193,0.06521611828862132,0.018039746733521222,-0.0022032719686710723
