importance_mean_0,importance_mean_1,importance_mean_2,importance_mean_3,importance_mean_4,importance_mean_5,importance_mean_6,importance_mean_7,importance_mean_8,importance_mean_9
0.034707023386890135,0.004911612926838216,0.04562456538447459,0.0043333455330673894,0.04325659700618527,0.0006697653991143193,0.01510083080188851,0.06876624089594845,0.018914467664604917,0.00034037257987775684
