importance_mean_0,importance_mean_1,importance_mean_2,importance_mean_3,importance_mean_4,importance_mean_5,importance_mean_6,importance_mean_7,importance_mean_8,importance_mean_9
0.03415071551440181,0.004728616916151229,0.044025180251070536,0.0043077260915711955,0.04132049921311716,0.0006038868352669979,0.015576620429674648,0.06789517988507851,0.018226402664421926,0.00015005672876329258
