importance_mean_0,importance_mean_1,importance_mean_2,importance_mean_3,importance_mean_4,importance_mean_5,importance_mean_6,importance_mean_7,importance_mean_8,importance_mean_9
0.030249240566555625,0.00412839000109797,0.04459612780441387,0.004787175639571028,0.039076968122094914,-9.149800534349328e-05,0.01265966401932439,0.06585660432602566,0.01813490465907841,-0.0030157742561212064
