importance_mean_0,importance_mean_1,importance_mean_2,importance_mean_3,importance_mean_4,importance_mean_5,importance_mean_6,importance_mean_7,importance_mean_8,importance_mean_9
0.07095644561173123,0.004858831254103757,0.03112278397898882,0.002101116217990828,0.05130225432260889,0.006347121908513875,0.010636900853578468,0.09424381702779601,0.01987305756182973,0.0024950755088640974
