importance_mean_0,importance_mean_1,importance_mean_2,importance_mean_3,importance_mean_4,importance_mean_5,importance_mean_6,importance_mean_7,importance_mean_8,importance_mean_9
0.0722696432479755,0.005909389363099149,0.03405559203326769,0.0017071569271175147,0.05572335303129787,0.006128255635806523,0.010549354344495531,0.09446268330050338,0.01917268548916613,0.0006565988181221228
