importance_mean_0,importance_mean_1,importance_mean_2,importance_mean_3,importance_mean_4,importance_mean_5,importance_mean_6,importance_mean_7,importance_mean_8,importance_mean_9
0.04234537506908507,0.003868763502989525,0.04037582274029041,0.003919007184846524,0.043531125960910445,0.0003818519821132682,0.008099281515349466,0.04631462593578859,0.013656232728734374,0.005225342913128683
