importance_mean_0,importance_mean_1,importance_mean_2,importance_mean_3,importance_mean_4,importance_mean_5,importance_mean_6,importance_mean_7,importance_mean_8,importance_mean_9
0.036697985228357544,0.006913530623524089,0.03306034266191027,0.006290508968497232,0.03677837511932873,0.0016982364467668098,0.007204943978294698,0.037491835401698245,0.012570969200623016,-0.00816962266994925
