importance_mean_0,importance_mean_1,importance_mean_2,importance_mean_3,importance_mean_4,importance_mean_5,importance_mean_6,importance_mean_7,importance_mean_8,importance_mean_9
0.042425764960056254,0.004531980103501976,0.04033562779480482,0.004069738230417519,0.043008591669597585,0.0006129729186554967,0.007395869969351376,0.04552077576244788,0.01367633020147716,0.005727779731698757
