importance_mean_0,importance_mean_1,importance_mean_2,importance_mean_3,importance_mean_4,importance_mean_5,importance_mean_6,importance_mean_7,importance_mean_8,importance_mean_9
0.03669303393722893,0.006175044654248607,0.045674917070681345,0.0035213064557285236,0.03694820107170205,0.004899208981883185,0.010053585098239393,0.03633579994896661,0.020464404184741047,0.0038275070170962653
