importance_mean_0,importance_mean_1,importance_mean_2,importance_mean_3,importance_mean_4,importance_mean_5,importance_mean_6,importance_mean_7,importance_mean_8,importance_mean_9
0.03373309517734122,0.004746108701199336,0.040520540954325134,0.0026027047716254527,0.036080632814493564,0.004235774432253181,0.009390150548609389,0.03975503955090591,0.02036233733095181,0.0031640724674662614
