importance_mean_0,importance_mean_1,importance_mean_2,importance_mean_3,importance_mean_4,importance_mean_5,importance_mean_6,importance_mean_7,importance_mean_8,importance_mean_9
0.03184485838224034,0.009186016841030842,0.044348047971421264,0.006175044654248518,0.038428170451645795,0.005511610104618492,0.012248022454707796,0.03812196989027809,0.02168920643021177,0.0008165348303138531
