importance_mean_0,importance_mean_1,importance_mean_2,importance_mean_3,importance_mean_4,importance_mean_5,importance_mean_6,importance_mean_7,importance_mean_8,importance_mean_9
0.040298507462686574,0.0029041982207190565,0.04990074259245643,0.0032129990441879253,0.03984265862804206,0.0014043085067274585,0.007947945004043833,0.04549665465774575,0.014197485479008875,0.0008161164620248184
