importance_mean_0,importance_mean_1,importance_mean_2,importance_mean_3,importance_mean_4,importance_mean_5,importance_mean_6,importance_mean_7,importance_mean_8,importance_mean_9
0.032188809646349584,0.0044629071391809605,0.039592677009043495,0.0015513565179031464,0.03029924270274247,0.0009043452687302666,0.0057348724358503135,0.0395485626056908,0.012962282185133466,-0.0030512462318946776
