importance_mean_0,importance_mean_1,importance_mean_2,importance_mean_3,importance_mean_4,importance_mean_5,importance_mean_6,importance_mean_7,importance_mean_8,importance_mean_9
0.040739651496213544,0.0026762738033968116,0.04945224615837074,0.003271818248658209,0.03967355341519008,0.001257260495551793,0.008550841849863966,0.04749650760973458,0.01534445996617897,0.0009190500698478266
