importance_mean_0,importance_mean_1,importance_mean_2,importance_mean_3,importance_mean_4,importance_mean_5,importance_mean_6,importance_mean_7,importance_mean_8,importance_mean_9
0.02748599858376475,-0.0002574973100727851,0.054201344503811845,0.0013058792153688437,0.0316776869384489,0.002841666743302729,0.010119644285858764,0.053158480398017224,0.011035599003117524,-0.004719557840333311
