importance_mean_0,importance_mean_1,importance_mean_2,importance_mean_3,importance_mean_4,importance_mean_5,importance_mean_6,importance_mean_7,importance_mean_8,importance_mean_9
0.03427840977018368,0.001677411048473898,0.05485612337799688,0.0031322708503848775,0.034662816468792254,0.004445507131755888,0.012199854697946488,0.0594285398982886,0.014841041392692622,0.0014511812689099735
