importance_mean_0,importance_mean_1,importance_mean_2,importance_mean_3,importance_mean_4,importance_mean_5,importance_mean_6,importance_mean_7,importance_mean_8,importance_mean_9
0.03413494698314312,0.0019275512925445604,0.054674035994445445,0.003430232023469082,0.03497365250738009,0.004362740139232502,0.012404013279504179,0.05960327021583796,0.014609293813627144,0.0014051996063969784
