importance_mean_0,importance_mean_1,importance_mean_2,importance_mean_3,importance_mean_4,importance_mean_5,importance_mean_6,importance_mean_7,importance_mean_8,importance_mean_9
0.04926161144693544,0.0002754610146146641,0.02642895401331389,0.0037799372561021947,0.033376692937485596,0.0009028999923482717,0.015685974443339145,0.0599280740684061,0.026551381130920437,-0.003917667763409649
