importance_mean_0,importance_mean_1,importance_mean_2,importance_mean_3,importance_mean_4,importance_mean_5,importance_mean_6,importance_mean_7,importance_mean_8,importance_mean_9
0.052720177519320524,0.002096564389012179,0.02948963195347769,0.004866477924860346,0.03663631494376003,0.004330859285331679,0.01531869309051952,0.06586578927232378,0.026857448924936866,0.0006121355880327473
