importance_mean_0,importance_mean_1,importance_mean_2,importance_mean_3,importance_mean_4,importance_mean_5,importance_mean_6,importance_mean_7,importance_mean_8,importance_mean_9
0.053179279210345064,0.0016986762567908764,0.028494911622924456,0.005968321983319269,0.03619251664243628,0.00436146606473331,0.014936108347999077,0.06383043844211492,0.025847425204682816,0.001101844058458945
