importance_mean_0,importance_mean_1,importance_mean_2,importance_mean_3,importance_mean_4,importance_mean_5,importance_mean_6,importance_mean_7,importance_mean_8,importance_mean_9
0.04063388866314503,0.008224299065420526,0.03986455370445614,-0.000671813625897344,0.04033048896112688,-0.000639306514966842,0.00979005824190704,0.05283489096573204,0.010770689421644298,-0.005959637003927987
