importance_mean_0,importance_mean_1,importance_mean_2,importance_mean_3,importance_mean_4,importance_mean_5,importance_mean_6,importance_mean_7,importance_mean_8,importance_mean_9
0.058734931599620774,0.009519165650819473,0.045639983746444554,0.002123797914127068,0.048766084247595855,0.0026384938371935896,0.0110361641609102,0.06513883245293244,0.011680888527698797,0.0012569416226466457
