importance_mean_0,importance_mean_1,importance_mean_2,importance_mean_3,importance_mean_4,importance_mean_5,importance_mean_6,importance_mean_7,importance_mean_8,importance_mean_9
0.05880536367330356,0.009470404984423687,0.04488148449139921,0.0019775159149397537,0.0485114452119735,0.0026330759853718357,0.010879046458079378,0.06443451171610459,0.011469592306650433,0.001717459027495627
