importance_mean_0,importance_mean_1,importance_mean_2,importance_mean_3,importance_mean_4,importance_mean_5,importance_mean_6,importance_mean_7,importance_mean_8,importance_mean_9
0.051908396946564926,0.02316627945569203,0.04009293063391972,0.013275804845668815,0.07321606372386329,0.004646531695984102,0.012678393627613716,0.09711251244606708,0.014072353136408932,0.0011948224361102433
