importance_mean_0,importance_mean_1,importance_mean_2,importance_mean_3,importance_mean_4,importance_mean_5,importance_mean_6,importance_mean_7,importance_mean_8,importance_mean_9
0.04560238964487227,0.019648191171589825,0.03617656820444741,0.009558579488881547,0.06657816130102892,0.002124128775307055,0.009757716561566588,0.08828410222369734,0.009624958513109894,-0.003252572187188818
