importance_mean_0,importance_mean_1,importance_mean_2,importance_mean_3,importance_mean_4,importance_mean_5,importance_mean_6,importance_mean_7,importance_mean_8,importance_mean_9
0.05403252572187196,0.023630932625290434,0.037703285761699325,0.012545635579157022,0.07401261201460341,0.0049784268171258585,0.012479256554928675,0.09658148025224036,0.015930965814802578,0.000862927314968509
