importance_mean_0,importance_mean_1,importance_mean_2,importance_mean_3,importance_mean_4,importance_mean_5,importance_mean_6,importance_mean_7,importance_mean_8,importance_mean_9
0.0396808011265843,0.002710061023314081,0.030743232670943543,0.004080738538569895,0.05212329838835865,0.0026036613988421387,0.013531528712251606,0.09363166953528401,0.015071193866374611,0.0007635737756219952
