importance_mean_0,importance_mean_1,importance_mean_2,importance_mean_3,importance_mean_4,importance_mean_5,importance_mean_6,importance_mean_7,importance_mean_8,importance_mean_9
0.03691441089031451,0.0015584415584415812,0.028953215459239567,0.0032045063370364614,0.0481489594742607,0.001214207479267726,0.013406352683461109,0.08774839618213111,0.013531528712251583,-0.005720544515725212
