importance_mean_0,importance_mean_1,importance_mean_2,importance_mean_3,importance_mean_4,importance_mean_5,importance_mean_6,importance_mean_7,importance_mean_8,importance_mean_9
0.04068220935690816,0.0025661085902049852,0.029854482866531074,0.003667657643561273,0.05192927554373339,0.0025974025974025983,0.013368799874824,0.09468940697856362,0.015089970270693165,0.0007135033641058053
