importance_mean_0,importance_mean_1,importance_mean_2,importance_mean_3,importance_mean_4,importance_mean_5,importance_mean_6,importance_mean_7,importance_mean_8,importance_mean_9
0.03181401040073413,0.00862649128173747,0.04027225451208316,0.005315081064545679,0.042100030590394556,0.0032808198225756646,0.0084353013153869,0.06952431936371975,0.024655858060568935,0.002126032425818236
