importance_mean_0,importance_mean_1,importance_mean_2,importance_mean_3,importance_mean_4,importance_mean_5,importance_mean_6,importance_mean_7,importance_mean_8,importance_mean_9
0.032150504741511134,0.00736463750382379,0.03816916488222697,0.0021030896298561918,0.03902569593147749,0.0007188742734780984,0.008680024472315662,0.06924900581217493,0.021749770572040326,0.00022178036096660582
