importance_mean_0,importance_mean_1,importance_mean_2,importance_mean_3,importance_mean_4,importance_mean_5,importance_mean_6,importance_mean_7,importance_mean_8,importance_mean_9
0.03148516365861118,0.007402875497093886,0.03774089935760165,0.003074334658917044,0.03917864790455792,0.0008106454573263422,0.007922912205567423,0.0677883144692566,0.022178036096665597,-0.00015295197308049513
