importance_mean_0,importance_mean_1,importance_mean_2,importance_mean_3,importance_mean_4,importance_mean_5,importance_mean_6,importance_mean_7,importance_mean_8,importance_mean_9
0.029713051527306456,0.01718605368713364,0.040450478247454534,0.006417772292502355,0.04159210120333234,0.003517432891083039,0.004072817031780374,0.04785560012341876,0.021042887997531713,0.0023449552607220482
