importance_mean_0,importance_mean_1,importance_mean_2,importance_mean_3,importance_mean_4,importance_mean_5,importance_mean_6,importance_mean_7,importance_mean_8,importance_mean_9
0.03387843258253622,0.0161987041036717,0.042486886763344625,0.005708114779389062,0.045109534094415295,0.0013576056772600874,0.006757173711817321,0.050817648873804355,0.01974699166923788,0.00021598272138227957
