importance_mean_0,importance_mean_1,importance_mean_2,importance_mean_3,importance_mean_4,importance_mean_5,importance_mean_6,importance_mean_7,importance_mean_8,importance_mean_9
0.031996297439062,0.015797593335390325,0.04116013576056772,0.0058932428262881585,0.045541499537179855,0.0014193150262264754,0.004566491823511254,0.04748534402962046,0.020302375809935193,0.00043196544276455915
