importance_mean_0,importance_mean_1,importance_mean_2,importance_mean_3,importance_mean_4,importance_mean_5,importance_mean_6,importance_mean_7,importance_mean_8,importance_mean_9
0.05442676458588329,0.016646266829865364,0.04332925336597308,0.022358221134230895,0.06421868625050997,0.008894328845369226,0.010852713178294593,0.084781721746226,0.05744594043247651,0.005303957568339457
