importance_mean_0,importance_mean_1,importance_mean_2,importance_mean_3,importance_mean_4,importance_mean_5,importance_mean_6,importance_mean_7,importance_mean_8,importance_mean_9
0.05720114239086087,0.020318237454100375,0.0558955528355773,0.019257445940432483,0.05711954304365567,0.015585475316197495,0.01958384332925338,0.08208894328845369,0.06234190126478989,0.01109751121991025
